latitude,longitude
34.145343,-84.07925
34.15078,-84.07762700000001
33.893942,-84.311995
34.159544,-84.085418
33.895165,-84.312909
34.175254,-84.096479
33.894973,-84.313418
33.89515,-84.31322400000001
33.895285,-84.31299
33.895049,-84.31324600000001
33.89486,-84.313332
33.89062,-84.315224
33.874454,-84.329576
33.857824,-84.342654
33.857598,-84.34347200000001
33.857532,-84.34358400000001
33.855469,-84.35215700000001
33.8471,-84.367829
33.84518,-84.371262
33.845317,-84.371227
33.845303,-84.371117
33.845263,-84.371284
34.159413,-84.08643600000001
33.845184,-84.371053
34.159408,-84.08647000000001
34.163569,-84.08417300000001
33.845157,-84.37114800000001
34.164199,-84.086551
33.845334,-84.371104
34.164196,-84.08649200000001
33.845243,-84.371129
34.164184,-84.086198
33.845254,-84.37110199999999
34.164121,-84.084723
33.845291,-84.371093
34.163802,-84.07735599999999
33.845231,-84.371201
34.162202,-84.040572
33.845237,-84.371025
34.159122,-84.08650400000001
33.845118,-84.371053
34.15912,-84.08651399999999
34.149894,-84.07787
34.150771,-84.077607
33.845278,-84.37117499999999
34.160876,-84.07456999999999
34.159805,-84.075098
33.845112,-84.371195
34.163634,-84.084422
33.845718,-84.370741
34.163822,-84.08513499999999
33.845544,-84.37094
34.163596,-84.084276
33.845318,-84.371245
34.161188,-84.075098
34.163565,-84.084155
34.161029,-84.074495
33.845719,-84.37074
33.845603,-84.370788
34.161029,-84.074496
34.161029,-84.074499
34.161023,-84.074533
34.159136,-84.085684
34.163871,-84.101214
34.158857,-84.097015
33.846179,-84.37244
34.151026,-84.077738
34.151706,-84.082882
34.154164,-84.084284
34.165259,-84.09061
33.846171,-84.37245
33.846308,-84.372128
33.846342,-84.37213300000001
34.165257,-84.090604
33.846346,-84.37209199999999
33.846327,-84.372134
34.163554,-84.084159
33.846312,-84.372162
34.150801,-84.077595
33.846245,-84.372287
34.145345,-84.079255
34.153896,-84.083853
33.846292,-84.37218799999999
34.163559,-84.08415100000001
33.846328,-84.372131
34.16522,-84.090583
33.846327,-84.37213800000001
34.159199,-84.08577
34.159424,-84.086269
34.159379,-84.086568
34.159307,-84.086877
34.159359,-84.08645799999999
34.158732,-84.098629
34.163619,-84.114964
34.163679,-84.11484900000001
34.163654,-84.11497799999999
34.163688,-84.11487700000001
34.180083,-84.13337199999999
34.187902,-84.143016
34.187796,-84.143064
34.187566,-84.14200599999999
34.179672,-84.132931
34.158681,-84.09502999999999
33.846326,-84.37201399999999
33.845854,-84.371574
33.846276,-84.372551
34.158744,-84.098973
33.84967,-84.362984
34.16495,-84.09841
34.158789,-84.091719
33.877797,-84.327945
33.893145,-84.327375
33.895203,-84.312568
34.165247,-84.090566
34.161026,-84.07451500000001
33.895238,-84.313086
34.159376,-84.085363
34.158441,-84.086142
34.159383,-84.086637
34.145338,-84.079251
33.894994,-84.31290199999999
34.150784,-84.0776
34.145341,-84.07925299999999
34.148771,-84.081073
34.159248,-84.086634
33.891519,-84.309078
34.159254,-84.086637
33.891252,-84.309983
33.891665,-84.310304
34.145353,-84.079247
33.894901,-84.312815
33.895072,-84.31309
34.145829,-84.079105
34.147303,-84.078667
34.153198,-84.076915
33.895251,-84.313115
34.152732,-84.077151
33.895049,-84.312831
34.151304,-84.07787399999999
34.146932,-84.080089
33.895202,-84.312698
34.152046,-84.08278
34.159108,-84.086495
34.159224,-84.086556
34.159184,-84.08653
34.16103,-84.074496
34.161031,-84.074499
34.161034,-84.07451399999999
34.161048,-84.074574
34.161062,-84.074831
33.895223,-84.312926
34.160958,-84.07593300000001
34.16051,-84.080347
33.89512,-84.31280599999999
34.159706,-84.08647499999999
34.159407,-84.086479
34.164664,-84.09021300000001
34.16251,-84.088774
33.895065,-84.312211
34.159357,-84.08666700000001
34.159154,-84.08652600000001
33.895024,-84.312854
34.162867,-84.081433
34.16287,-84.08143699999999
34.162874,-84.081441
34.162878,-84.08144799999999
34.162882,-84.081461
34.162884,-84.081502
34.162879,-84.081637
34.162851,-84.082088
34.162746,-84.08360500000001
34.162387,-84.08868099999999
34.159325,-84.086623
34.15928,-84.08659299999999
34.165266,-84.090616
33.895182,-84.313273
34.165267,-84.090616
34.165269,-84.09061699999999
33.895027,-84.312916
34.16527,-84.09061800000001
34.165271,-84.090619
34.165265,-84.090615
34.165233,-84.090594
34.165097,-84.090503
34.164544,-84.09013400000001
34.162321,-84.088651
34.159277,-84.086619
34.159251,-84.086602
33.895004,-84.312963
34.159244,-84.08654799999999
33.894992,-84.31301499999999
34.165259,-84.090611
33.895034,-84.312921
34.165261,-84.09061199999999
34.165232,-84.090593
34.165096,-84.090501
34.164542,-84.090126
34.162316,-84.088621
34.159269,-84.086561
34.159244,-84.086544
34.159208,-84.08651
34.159204,-84.086456
34.157568,-84.08622200000001
33.894865,-84.312904
34.157563,-84.08621100000001
33.895459,-84.313185
34.157545,-84.08617
34.157479,-84.086023
34.157242,-84.085497
34.156392,-84.083609
34.153339,-84.076826
34.153164,-84.07687900000001
34.152627,-84.07704200000001
34.150983,-84.07754
34.150863,-84.07757599999999
34.153394,-84.076809
34.153332,-84.07682800000001
34.153143,-84.076885
34.152564,-84.077061
34.150791,-84.07759799999999
33.895021,-84.31268799999999
34.145678,-84.079148
34.161017,-84.074496
34.148595,-84.0763
34.1482,-84.076577
34.146412,-84.077836
34.138293,-84.08355299999999
33.894967,-84.31342100000001
34.159291,-84.08650799999999
34.153336,-84.094007
34.157924,-84.118484
34.091932,-84.248161
33.98415,-84.337461
33.979635,-84.340712
33.77126,-84.396062
33.895167,-84.313326
33.767849,-84.396584
33.764387,-84.396697
33.895093,-84.31314999999999
33.895229,-84.313267
33.894979,-84.31317199999999
33.894988,-84.31318
33.891354,-84.31006499999999
33.894997,-84.31299799999999
33.895235,-84.31313
33.89522,-84.313079
33.758748,-84.402528
33.764229,-84.397086
33.767685,-84.39662800000001
33.774017,-84.392892
33.894756,-84.31245199999999
33.777289,-84.39364999999999
33.789951,-84.37545299999999
33.806129,-84.366941
33.806142,-84.36710600000001
33.806285,-84.367059
33.806809,-84.36722899999999
33.806361,-84.36701600000001
33.895149,-84.31292000000001
33.781812,-84.383842
33.767963,-84.391908
33.767923,-84.391974
33.768072,-84.39823800000001
33.769628,-84.39739
33.766667,-84.391313
33.770174,-84.397341
33.770216,-84.39738
33.770316,-84.39747800000001
33.76972,-84.39765199999999
33.76861,-84.39586
33.769714,-84.397702
33.76963,-84.397712
33.769303,-84.397351
33.767855,-84.394277
33.771637,-84.391955
33.778333,-84.38291
33.781528,-84.383301
33.781238,-84.383495
33.781323,-84.38342400000001
33.781213,-84.383391
33.781293,-84.38347
33.781202,-84.38343999999999
33.781343,-84.383416
33.781193,-84.383511
33.78117,-84.38359199999999
33.781194,-84.38353600000001
33.781279,-84.383775
33.78124,-84.383534
33.781674,-84.383743
33.781672,-84.383888
33.781693,-84.38382
33.781678,-84.38389599999999
33.781683,-84.383758
33.781675,-84.383933
33.781637,-84.383776
33.781689,-84.383725
33.781649,-84.383892
33.781698,-84.38390099999999
33.845793,-84.373912
33.845852,-84.373808
33.845716,-84.37379900000001
33.781683,-84.383987
33.781665,-84.383966
33.781721,-84.38387299999999
33.781705,-84.383931
33.781701,-84.38389599999999
33.781687,-84.383945
33.781716,-84.383843
33.781704,-84.383909
33.781717,-84.383838
33.781711,-84.383928
33.781691,-84.383826
33.781722,-84.38390099999999
33.781721,-84.38377
33.781716,-84.383932
33.781691,-84.383816
33.781733,-84.38391799999999
33.781717,-84.383808
33.781724,-84.38389100000001
33.781709,-84.38385100000001
33.781708,-84.383968
33.781721,-84.383892
33.781739,-84.383912
33.781706,-84.383865
33.781712,-84.383894
33.781655,-84.383657
33.781207,-84.383753
33.781031,-84.382735
33.781289,-84.382783
33.781027,-84.38268600000001
33.771241,-84.385114
33.76663,-84.394595
33.768491,-84.397961
33.768391,-84.395495
33.76933,-84.397284
33.771054,-84.39621
33.765606,-84.387162
33.772023,-84.39757400000001
33.771854,-84.39728599999999
33.770593,-84.397369
33.770509,-84.397509
33.765232,-84.38888300000001
33.769424,-84.40046700000001
33.770526,-84.390092
33.769425,-84.40046700000001
33.768534,-84.398555
33.764766,-84.39097
33.769481,-84.40047300000001
33.765261,-84.389065
33.770336,-84.400558
33.777218,-84.394699
33.776704,-84.40119799999999
33.771286,-84.391149
33.764686,-84.39129
33.768526,-84.39854099999999
33.775806,-84.40110799999999
33.763224,-84.397263
33.768023,-84.397699
33.769893,-84.401467
33.76554,-84.393293
33.769394,-84.40005499999999
33.769254,-84.403052
33.769424,-84.400409
33.769542,-84.397963
33.769154,-84.396781
33.763122,-84.40146900000001
33.776595,-84.400713
33.770432,-84.398385
33.769748,-84.398419
33.774332,-84.398461
33.770023,-84.399776
33.770339,-84.399551
33.773317,-84.403606
33.773277,-84.403739
33.773324,-84.403701
33.773312,-84.40363600000001
33.769441,-84.400447
33.773295,-84.403661
33.77002,-84.39978000000001
33.770482,-84.388441
33.77061,-84.39909
33.770281,-84.398839
33.769552,-84.397453
33.778374,-84.39991000000001
33.769431,-84.40045600000001
33.78035,-84.40660699999999
33.77832,-84.399829
33.771099,-84.397688
33.780368,-84.406593
33.778434,-84.399998
33.771115,-84.39764
33.770552,-84.397199
33.780939,-84.40370900000001
33.788234,-84.40061
33.78092,-84.40369800000001
33.892122,-84.321681
33.780785,-84.40362
33.892129,-84.321741
33.77599,-84.400846
33.892135,-84.32179600000001
33.77101,-84.397965
33.892141,-84.321844
33.767083,-84.403398
33.891885,-84.318449
33.766386,-84.403199
33.891299,-84.30942
33.76778,-84.401961
33.891739,-84.30844999999999
33.777833,-84.39930699999999
33.771127,-84.39784
33.777453,-84.39941
33.771193,-84.39814699999999
33.775934,-84.399822
33.771316,-84.39775899999999
33.891546,-84.308877
33.769858,-84.40146900000001
33.771204,-84.398006
33.891073,-84.30991899999999
33.761586,-84.403458
33.771218,-84.397989
33.761655,-84.40341599999999
33.771289,-84.397959
33.762146,-84.403116
33.771259,-84.398152
33.763828,-84.402086
33.771164,-84.39776000000001
33.770754,-84.397846
33.771128,-84.397758
33.770958,-84.397721
33.771136,-84.398352
33.89126,-84.309507
33.771143,-84.398364
33.777446,-84.391589
33.771287,-84.398639
33.774565,-84.394569
33.891321,-84.30937299999999
33.770772,-84.398477
33.891334,-84.309343
33.771271,-84.397975
33.771258,-84.39798999999999
33.891675,-84.308592
33.77392,-84.39629100000001
33.770686,-84.396345
33.770363,-84.39776000000001
33.762312,-84.385993
33.769284,-84.39749999999999
33.762223,-84.38596800000001
33.762232,-84.38603000000001
33.762074,-84.402886
33.762199,-84.385986
33.77416,-84.39036299999999
33.762219,-84.385994
33.808703,-84.376346
33.824394,-84.359836
33.965944,-84.363286
34.181498,-84.148793
34.17984,-84.133252
34.163258,-84.082988
34.165241,-84.090543
34.165221,-84.09046600000001
34.165178,-84.090304
34.165092,-84.08997599999999
34.16446,-84.087568
34.163578,-84.08420599999999
34.161032,-84.074506
34.163562,-84.084154
34.164749,-84.09027399999999
34.159307,-84.086589
33.891171,-84.309731
34.160346,-84.07029900000001
33.893634,-84.303408
34.160341,-84.070303
33.881591,-84.30274799999999
34.160319,-84.07031600000001
33.854391,-84.31043699999999
34.160234,-84.070368
33.82569,-84.334823
34.159891,-84.070578
33.814532,-84.33416099999999
34.158398,-84.07149
34.150792,-84.07614
33.776337,-84.33072199999999
34.145731,-84.079458
33.762327,-84.342251
34.146909,-84.08008
33.762645,-84.32965799999999
34.15228,-84.082913
34.159402,-84.086671
34.159404,-84.08667199999999
34.14534,-84.079252
34.145343,-84.07925299999999
34.145352,-84.079258
34.145402,-84.07928200000001
34.145482,-84.07932099999999
34.151047,-84.08203
34.161992,-84.08739
34.1605,-84.08696500000001
34.159607,-84.08671099999999
34.159341,-84.086635
34.165256,-84.090609
34.165189,-84.090564
34.164862,-84.090346
34.159049,-84.086468
34.159259,-84.086579
34.145344,-84.07925400000001
34.145378,-84.07927100000001
34.146887,-84.08004699999999
34.159302,-84.08642999999999
33.762645,-84.32966
34.149295,-84.078052
34.161029,-84.074501
34.161007,-84.07465000000001
34.160917,-84.075262
34.160764,-84.076311
34.160484,-84.078219
34.159242,-84.08669999999999
34.161027,-84.074496
33.762324,-84.342249
34.160987,-84.074512
33.757714,-84.351544
33.749315,-84.350595
34.160806,-84.074589
33.745702,-84.375648
34.156801,-84.076283
34.14733,-84.080291
34.153487,-84.083507
34.159348,-84.086568
34.15939,-84.086589
34.161119,-84.074838
34.161403,-84.075918
34.162902,-84.081631
34.164111,-84.08623900000001
34.161035,-84.074517
34.163564,-84.084154
34.163567,-84.084163
34.163564,-84.084157
34.161026,-84.074516
34.161018,-84.07458
34.160982,-84.074838
34.159427,-84.086068
34.159359,-84.086432
34.161108,-84.07480099999999
34.163544,-84.084304
34.160217,-84.080439
34.1594,-84.086415
34.159396,-84.086446
34.153382,-84.07685600000001
34.153295,-84.076973
34.153031,-84.07732900000001
34.15222,-84.078419
34.145343,-84.079251
34.145986,-84.07928099999999
33.745631,-84.370007
34.150526,-84.079494
33.74784,-84.36425
34.159425,-84.086292
33.766104,-84.338024
34.160937,-84.075081
33.76503,-84.351034
34.16066,-84.07684
33.755245,-84.350635
34.159366,-84.085994
33.747014,-84.348821
34.173915,-84.126428
33.74643,-84.34951599999999
34.15157,-84.18827
33.754562,-84.354269
34.122291,-84.221628
34.054985,-84.287738
34.050069,-84.292423
33.75456,-84.354268
33.754841,-84.354338
33.914075,-84.359386
33.909199,-84.358043
33.855979,-84.36423600000001
33.753664,-84.36072900000001
33.775652,-84.37674
33.703118,-84.405833
33.758012,-84.38080100000001
33.652966,-84.438181
33.643372,-84.437686
33.639855,-84.44985800000001
33.636344,-84.435273
33.639645,-84.44412800000001
33.642521,-84.446333
33.640188,-84.4447
33.642122,-84.44422299999999
33.640044,-84.44420700000001
33.641294,-84.441722
33.63912,-84.44146600000001
33.640217,-84.441327
33.638965,-84.442025
33.626862,-84.450301
33.639608,-84.433395
33.627544,-84.42826599999999
33.634119,-84.42766399999999
33.629087,-84.409021
31.566582,-84.153807
33.609196,-84.345787
32.917772,-82.19118
31.565817,-84.153803
31.563503,-84.153645
31.561038,-84.15371399999999
32.741591,-82.154731
28.39569,-81.255636
0,0
28.442629,-81.292473
29.203249,-81.017144
28.536282,-81.21335500000001
28.428459,-81.300428
28.427852,-81.30054699999999
28.42831,-81.300494
28.428866,-81.30034499999999
28.428702,-81.300472
28.428699,-81.30070000000001
28.42866,-81.300302
28.428684,-81.300286
28.428656,-81.300438
28.428697,-81.30023300000001
28.428761,-81.30023300000001
28.428896,-81.300286
28.428699,-81.300404
28.429241,-81.30059900000001
28.428404,-81.300494
28.427223,-81.301255
28.427201,-81.301248
28.427286,-81.30128999999999
28.427236,-81.30126199999999
28.427283,-81.301237
28.42722,-81.301254
28.427263,-81.301293
28.427216,-81.301247
28.427248,-81.301265
28.427213,-81.301249
28.427198,-81.301242
28.427218,-81.30125700000001
28.427219,-81.30126
28.427241,-81.301276
28.427253,-81.301301
28.427269,-81.30127400000001
28.427292,-81.301299
28.42726,-81.30130699999999
28.427266,-81.301303
28.42723,-81.301258
28.427187,-81.30118899999999
28.427497,-81.30148800000001
28.430306,-81.304885
28.431021,-81.306006
28.43315,-81.306552
28.431183,-81.30689599999999
28.431185,-81.30689700000001
28.433145,-81.306788
28.430396,-81.307495
28.430786,-81.307373
28.433138,-81.30669899999999
28.429886,-81.309253
28.429762,-81.30929399999999
28.430114,-81.30929500000001
28.429486,-81.30936699999999
28.428929,-81.307828
28.41947,-81.459853
28.446188,-81.35454799999999
28.442761,-81.39307700000001
28.428344,-81.464646
28.419431,-81.459825
28.419515,-81.459923
28.419512,-81.45986600000001
28.433275,-81.469898
28.433439,-81.472036
28.431947,-81.470445
28.431335,-81.470247
28.432061,-81.470406
28.431946,-81.470446
28.432004,-81.47042999999999
28.431941,-81.47042999999999
28.431933,-81.47044699999999
28.431934,-81.47045199999999
28.431919,-81.470445
28.431884,-81.470456
28.431966,-81.470433
28.431989,-81.470431
28.431991,-81.470439
28.432108,-81.470433
28.431939,-81.470445
28.424112,-81.460871
28.426074,-81.46704099999999
28.425605,-81.46485699999999
28.434746,-81.424947
28.434639,-81.424819
28.42941,-81.411946
28.434794,-81.425112
28.434741,-81.424756
28.4347,-81.424803
28.435133,-81.424093
28.435182,-81.424263
28.432957,-81.411265
28.435195,-81.42447799999999
28.432958,-81.411266
28.43516,-81.42455200000001
28.435179,-81.42442699999999
28.435168,-81.424407
28.432959,-81.411266
28.435175,-81.424533
28.43505,-81.424358
28.43296,-81.411267
28.435135,-81.424584
28.434994,-81.424436
28.432981,-81.41129599999999
28.435139,-81.424577
28.433198,-81.41171900000001
28.433147,-81.411704
28.4352,-81.424488
28.435007,-81.424503
28.432971,-81.411653
28.435023,-81.42449000000001
28.429523,-81.410663
28.435006,-81.42442
28.429588,-81.410681
28.435213,-81.42449000000001
28.435059,-81.42439299999999
28.433204,-81.411721
28.435214,-81.424485
28.433197,-81.411722
28.435178,-81.42453
28.435109,-81.424232
28.433173,-81.411727
28.435177,-81.42451
28.435071,-81.424299
28.435209,-81.424471
28.435091,-81.42421400000001
28.415669,-81.437119
28.434855,-81.425006
28.43494,-81.424485
28.413653,-81.466071
28.421062,-81.436334
28.418219,-81.463116
28.416641,-81.467628
28.417548,-81.46356400000001
28.418237,-81.46409199999999
28.417493,-81.46756999999999
28.414191,-81.44957100000001
28.417883,-81.463807
28.417577,-81.46357999999999
28.417578,-81.463607
28.417931,-81.463696
28.417516,-81.463598
28.417926,-81.46369900000001
28.417772,-81.46400800000001
28.41754,-81.463615
28.417794,-81.463763
28.417616,-81.463607
28.413416,-81.461316
28.417114,-81.471232
28.417584,-81.46357999999999
28.41175,-81.462576
28.410594,-81.461383
28.417455,-81.463526
28.40903,-81.460399
28.417481,-81.463491
28.417493,-81.463491
28.409865,-81.460745
28.417499,-81.46349600000001
28.417115,-81.471216
28.409883,-81.462684
28.409716,-81.461269
28.417282,-81.46844400000001
28.408482,-81.462076
28.408357,-81.46210600000001
28.417609,-81.46301699999999
28.417606,-81.462936
28.408396,-81.462399
28.410208,-81.461489
28.407562,-81.46248199999999
28.407905,-81.462906
28.417598,-81.462977
28.425221,-81.452101
28.417121,-81.471104
28.417534,-81.462959
28.417576,-81.462997
28.407629,-81.462507
28.407545,-81.462592
28.407354,-81.46248199999999
28.409257,-81.46205500000001
28.417539,-81.46297199999999
28.417113,-81.471231
28.417579,-81.462942
28.41705,-81.47070600000001
28.410932,-81.461659
28.411242,-81.461078
28.417598,-81.46299500000001
28.412468,-81.46171200000001
28.416968,-81.470028
28.417463,-81.463533
28.417481,-81.463522
28.417481,-81.463404
28.417502,-81.46343400000001
28.417511,-81.463431
28.417507,-81.463516
28.417519,-81.46350700000001
28.417515,-81.463499
28.41753,-81.463565
28.417516,-81.46352
28.417462,-81.463335
28.4175,-81.463442
28.417448,-81.463475
28.417496,-81.463455
28.417466,-81.463391
28.417476,-81.463444
28.417471,-81.46346699999999
28.417476,-81.463454
28.417472,-81.463424
28.417484,-81.463534
28.417528,-81.463521
28.417485,-81.463583
28.417507,-81.463475
28.417471,-81.463477
28.417483,-81.46346200000001
28.417489,-81.463471
28.417502,-81.46340499999999
28.417516,-81.46348500000001
28.417517,-81.463487
28.417536,-81.463534
28.417473,-81.463382
28.417496,-81.463477
28.417483,-81.463463
28.417484,-81.463452
28.417491,-81.463471
28.417527,-81.463508
28.417499,-81.463511
28.417114,-81.47123000000001
28.417475,-81.463337
28.417115,-81.47121799999999
28.41712,-81.471174
28.417494,-81.46340600000001
28.417139,-81.47099799999999
28.417478,-81.463386
28.417217,-81.47029499999999
28.417517,-81.463438
28.417527,-81.467483
28.417454,-81.463471
28.417494,-81.46325400000001
28.417473,-81.46346
28.417518,-81.463483
28.417543,-81.46343400000001
28.417473,-81.463331
28.417497,-81.463432
28.417481,-81.46343299999999
28.417476,-81.46350099999999
28.417493,-81.463523
28.417525,-81.463471
28.417459,-81.46344000000001
28.41747,-81.463408
28.417113,-81.471232
28.417503,-81.463368
28.41704,-81.471085
28.417512,-81.463464
28.417039,-81.471084
28.417518,-81.46342300000001
28.41656,-81.470125
28.41749,-81.463491
28.417462,-81.46345100000001
28.417483,-81.463424
28.416563,-81.470113
28.417918,-81.46370400000001
28.417926,-81.463697
28.417502,-81.463453
28.417522,-81.463477
28.417505,-81.46349600000001
28.417798,-81.463688
28.417801,-81.463674
28.417477,-81.463483
28.417484,-81.463369
28.417478,-81.463525
28.417488,-81.463488
28.417325,-81.46374900000001
28.417329,-81.462947
28.417271,-81.46262900000001
28.417585,-81.46296599999999
28.417616,-81.463007
28.417604,-81.46293799999999
28.417831,-81.463319
28.41776,-81.46299399999999
28.417676,-81.462923
28.417639,-81.462858
28.417522,-81.46297
28.417455,-81.462997
28.417115,-81.471231
28.417956,-81.463229
28.417369,-81.471101
28.423266,-81.46807
28.432001,-81.467916
28.433654,-81.47188800000001
28.434578,-81.471251
28.430987,-81.470401
28.430621,-81.470179
28.430635,-81.470074
28.430741,-81.470083
28.433268,-81.469888
28.430736,-81.47008
28.431347,-81.46740200000001
28.430701,-81.47004200000001
28.429418,-81.464905
28.430668,-81.470062
28.430678,-81.470037
28.430767,-81.47005299999999
28.430649,-81.47013699999999
28.430698,-81.470113
28.430702,-81.47014
28.430665,-81.47013
28.430685,-81.46999700000001
28.430597,-81.470095
28.430664,-81.47016000000001
28.430659,-81.470069
28.429422,-81.46491
28.4308,-81.470158
28.430868,-81.470179
28.430703,-81.47011999999999
28.430382,-81.46615300000001
28.43073,-81.470049
28.430696,-81.470084
28.430649,-81.47007600000001
28.430693,-81.470039
28.430753,-81.470026
28.430731,-81.47010299999999
28.430584,-81.47011000000001
28.430943,-81.470215
28.430656,-81.470106
28.430719,-81.47004099999999
28.430802,-81.47015
28.430704,-81.47011500000001
28.430966,-81.470466
28.433274,-81.469897
28.430987,-81.47044699999999
28.430774,-81.470499
28.430961,-81.47046899999999
28.430857,-81.470467
28.429976,-81.470259
28.427677,-81.46388899999999
28.424749,-81.461986
28.421891,-81.459878
28.418436,-81.463933
28.417591,-81.463058
28.4176,-81.462948
28.417422,-81.46303399999999
28.417703,-81.46288
28.417633,-81.463048
28.417627,-81.4629
28.41762,-81.462918
28.417116,-81.471186
28.417464,-81.462946
28.417568,-81.463849
28.417621,-81.462913
28.417115,-81.47120200000001
28.41802,-81.46347400000001
28.417146,-81.47072900000001
28.417472,-81.463481
28.417474,-81.463399
28.417937,-81.46372
28.41747,-81.463489
28.417906,-81.46373699999999
28.417464,-81.46344499999999
28.417491,-81.46348
28.417488,-81.463463
28.4175,-81.463503
28.417494,-81.463505
28.417488,-81.46347299999999
28.418021,-81.46375399999999
28.417494,-81.463483
28.417945,-81.463776
28.417486,-81.46347799999999
28.417876,-81.46413699999999
28.417491,-81.46348999999999
28.417922,-81.46371000000001
28.417485,-81.463498
28.417072,-81.47115100000001
28.417492,-81.463489
28.41655,-81.470139
28.417513,-81.463532
28.416551,-81.47014
28.417062,-81.471144
28.417504,-81.463537
28.416979,-81.471165
28.417044,-81.471197
28.41751,-81.463536
28.417043,-81.471197
28.417498,-81.463532
28.416978,-81.471165
28.415086,-81.47021599999999
28.417502,-81.463533
28.417501,-81.463532
28.415087,-81.47021599999999
28.415093,-81.470219
28.417503,-81.46353499999999
28.413493,-81.46435700000001
28.411239,-81.451002
28.413512,-81.464338
28.415134,-81.47024
28.417531,-81.463498
28.410257,-81.45164200000001
28.414122,-81.4637
28.415391,-81.47036900000001
28.417506,-81.463539
28.410365,-81.451571
28.421635,-81.455844
28.417021,-81.471186
28.417505,-81.46353499999999
28.406736,-81.454573
28.423466,-81.45293700000001
28.41751,-81.463538
28.411123,-81.46136799999999
28.420475,-81.454363
28.417042,-81.471197
28.417549,-81.463545
28.416962,-81.47115599999999
28.41755,-81.463544
28.41116,-81.46122699999999
28.417114,-81.471228
28.417556,-81.46354700000001
28.411864,-81.458567
28.41719,-81.47052600000001
28.408416,-81.46052400000001
28.417502,-81.46353499999999
28.41793,-81.46369799999999
28.41441,-81.44894600000001
28.414625,-81.46333799999999
28.417114,-81.471227
28.414378,-81.449038
28.417198,-81.470457
28.414268,-81.449353
28.417504,-81.463536
28.417935,-81.46372599999999
28.413851,-81.45054399999999
28.417504,-81.46353499999999
28.410945,-81.46097
28.417502,-81.463536
28.417946,-81.46377699999999
28.411688,-81.460999
28.417502,-81.463538
28.412988,-81.455268
28.417502,-81.463534
28.414436,-81.44902999999999
28.417486,-81.46351300000001
28.414415,-81.44893500000001
28.417114,-81.47122299999999
28.414416,-81.448939
28.417252,-81.469956
28.417554,-81.463556
28.415159,-81.452044
28.417525,-81.463498
28.414558,-81.450121
28.417171,-81.470556
28.417367,-81.462934
28.415832,-81.460649
28.417758,-81.463686
28.417866,-81.46394100000001
28.415822,-81.460604
28.413665,-81.466094
28.415233,-81.462658
28.416755,-81.470168
28.41469,-81.4632
28.414063,-81.462784
28.414727,-81.463244
28.413682,-81.462598
28.410204,-81.460936
28.414598,-81.46307299999999
28.411938,-81.46274200000001
28.4038,-81.464386
28.412438,-81.461783
28.409543,-81.462311
28.412665,-81.462389
28.412312,-81.461899
28.410204,-81.460937
28.41049,-81.462159
28.412477,-81.461761
28.412396,-81.46145199999999
28.402936,-81.46423799999999
28.4124,-81.459863
28.408104,-81.460826
28.410682,-81.46123900000001
28.412345,-81.45990500000001
28.408183,-81.460239
28.410803,-81.461315
28.409089,-81.45980400000001
28.412397,-81.459883
28.409663,-81.460826
28.412545,-81.45992099999999
28.413817,-81.46028699999999
28.413616,-81.46121599999999
28.412475,-81.461703
28.412477,-81.46176699999999
28.411753,-81.462571
28.411606,-81.462475
28.410782,-81.461578
28.410642,-81.46135599999999
28.410665,-81.46144700000001
28.410503,-81.460915
28.409758,-81.459991
28.40977,-81.459991
28.409773,-81.459991
28.409811,-81.459991
28.405925,-81.45561600000001
28.409785,-81.459991
28.409776,-81.459991
28.409779,-81.45999
28.408948,-81.457812
28.406771,-81.45787900000001
28.409768,-81.459987
28.407639,-81.46072700000001
28.409769,-81.459987
28.40978,-81.45999
28.409785,-81.45999399999999
28.409771,-81.459988
28.409797,-81.459991
28.407251,-81.458786
28.409778,-81.459991
28.409794,-81.459992
28.407832,-81.459368
28.40977,-81.46001200000001
28.409777,-81.459992
28.409686,-81.460397
28.409794,-81.460027
28.40732,-81.458045
28.408543,-81.46153200000001
28.409804,-81.459992
28.409752,-81.459991
28.409802,-81.459991
28.410194,-81.46095699999999
28.409784,-81.459993
28.409527,-81.46048
28.409773,-81.46006
28.40966,-81.46007400000001
28.409635,-81.460555
28.410431,-81.460594
28.410637,-81.461421
28.410612,-81.461355
28.410604,-81.46136
28.410619,-81.46134600000001
28.41047,-81.460801
28.409295,-81.460283
28.408963,-81.455308
28.409709,-81.46097899999999
28.401795,-81.464432
28.41002,-81.460695
28.405058,-81.462794
28.410614,-81.46134499999999
28.411287,-81.46172799999999
28.41088,-81.461724
28.408241,-81.46134600000001
28.410963,-81.46196399999999
28.410709,-81.461466
28.410846,-81.460931
28.404198,-81.46333199999999
28.410473,-81.46083899999999
28.410421,-81.460531
28.409588,-81.46102999999999
28.410661,-81.461146
28.409716,-81.46055800000001
28.409628,-81.460708
28.409577,-81.46083299999999
28.412652,-81.455567
28.409552,-81.46076499999999
28.410371,-81.453202
28.408526,-81.459095
28.40901,-81.459926
28.408108,-81.46056900000001
28.408426,-81.458985
28.41,-81.461198
28.408518,-81.461735
28.408526,-81.461733
28.410257,-81.461249
28.410199,-81.460938
28.410476,-81.461412
28.406876,-81.462543
28.408336,-81.461084
28.408125,-81.460474
28.406487,-81.46273100000001
28.408532,-81.460324
28.406727,-81.46261800000001
28.408209,-81.460408
28.409175,-81.459782
28.408982,-81.464894
28.406793,-81.467089
28.408914,-81.464854
28.403922,-81.463532
28.405897,-81.464123
28.407431,-81.462536
28.408443,-81.463599
28.407536,-81.46260100000001
28.407508,-81.462557
28.410641,-81.45994399999999
28.407495,-81.456756
28.409593,-81.462253
28.408203,-81.457756
28.408481,-81.463359
28.411631,-81.460391
28.407402,-81.462546
28.408482,-81.463076
28.407826,-81.462925
28.407817,-81.462982
28.407497,-81.46258
28.404548,-81.460435
28.407457,-81.462722
28.407021,-81.462513
28.40756,-81.462543
28.407574,-81.46258899999999
28.408041,-81.460718
28.40674,-81.457286
28.407384,-81.46245500000001
28.407401,-81.462537
28.407958,-81.462132
28.408059,-81.46067600000001
28.408047,-81.460611
28.408076,-81.460668
28.408561,-81.46232000000001
28.408164,-81.46154300000001
28.407601,-81.462508
28.407683,-81.462568
28.401713,-81.465036
28.408026,-81.462147
28.408132,-81.46210499999999
28.408012,-81.46212800000001
28.40777,-81.462368
28.408325,-81.461938
28.407983,-81.462119
28.408225,-81.461832
28.412219,-81.460114
28.412361,-81.459906
28.414017,-81.462581
28.415551,-81.46169399999999
28.412404,-81.460004
28.41246,-81.459931
28.412385,-81.459881
28.41242,-81.45984199999999
28.412383,-81.45988699999999
28.412379,-81.459892
28.412367,-81.459902
28.412384,-81.459879
28.412402,-81.460105
28.412384,-81.459993
28.412389,-81.459853
28.412401,-81.45984300000001
28.412339,-81.459917
28.412411,-81.45983099999999
28.412414,-81.459858
28.412347,-81.4599
28.412415,-81.45984300000001
28.412453,-81.459846
28.412357,-81.459902
28.410207,-81.460927
28.414887,-81.45259900000001
28.417149,-81.470156
28.417426,-81.46163900000001
28.41486,-81.452612
28.417108,-81.471186
28.41599,-81.461955
28.414412,-81.44893500000001
28.411195,-81.45231699999999
28.408177,-81.455299
28.417441,-81.46153
28.414414,-81.448933
28.414413,-81.44892900000001
28.41441,-81.448915
28.414393,-81.448841
28.41445,-81.44908599999999
28.414702,-81.45015100000001
28.415728,-81.45450200000001
28.417317,-81.461241
28.417427,-81.461709
28.417471,-81.46172199999999
28.414391,-81.44883299999999
28.414387,-81.44881700000001
28.414383,-81.448798
28.414378,-81.448778
28.414373,-81.448756
28.41437,-81.44874299999999
28.414378,-81.44877700000001
28.414684,-81.450095
28.415715,-81.45453000000001
28.417304,-81.46137
28.417366,-81.46163900000001
28.414395,-81.448853
28.414392,-81.44884
28.414388,-81.448825
28.414384,-81.448808
28.41438,-81.448792
28.414379,-81.448786
28.414389,-81.44883
28.41472,-81.45020100000001
28.415819,-81.454761
28.417439,-81.46148100000001
28.417467,-81.4616
28.417444,-81.46164400000001
28.414413,-81.448926
28.414412,-81.44892400000001
28.414412,-81.448922
28.414411,-81.44892
28.414411,-81.44891800000001
28.41441,-81.448916
28.41441,-81.448913
28.414409,-81.44891200000001
28.41441,-81.448914
28.414438,-81.449032
28.417473,-81.46187
28.414414,-81.44893399999999
28.413656,-81.44943499999999
28.410187,-81.451731
28.406344,-81.454275
28.409959,-81.451883
28.414413,-81.44893500000001
28.413511,-81.449822
28.408098,-81.45514300000001
28.408138,-81.45523799999999
28.40814,-81.455242
33.398019,-84.569334
33.398082,-84.569005
33.397977,-84.569378
33.398049,-84.569261
33.398007,-84.56903800000001
33.397967,-84.569029
33.398064,-84.56898
33.39802,-84.569119
33.398013,-84.569074
33.398015,-84.56908900000001
33.398149,-84.569239
33.39796,-84.569098
33.762117,-84.386059
33.762206,-84.38605800000001
33.762237,-84.386087
33.762386,-84.385964
33.762239,-84.385999
33.762306,-84.38604100000001
33.762162,-84.386154
33.397983,-84.56905500000001
33.397999,-84.569086
33.397972,-84.569101
33.397969,-84.56915600000001
33.39792,-84.56913299999999
33.397916,-84.569095
33.398005,-84.569147
33.398053,-84.569135
33.398057,-84.569146
33.398058,-84.569092
33.398139,-84.56914
33.398015,-84.569092
33.398025,-84.569093
33.39802,-84.569112
33.398009,-84.569059
33.398017,-84.569053
33.397996,-84.56910999999999
33.398028,-84.56910999999999
33.398038,-84.569115
33.397908,-84.5693
33.397877,-84.56934
33.398063,-84.569017
33.398088,-84.569022
33.398007,-84.56911100000001
33.397986,-84.56917199999999
33.397984,-84.569118
33.397925,-84.569063
33.398033,-84.56908300000001
33.398035,-84.56913900000001
33.398038,-84.56916
33.39816,-84.568923
33.398212,-84.568921
33.39807,-84.569053
33.398016,-84.569171
33.397977,-84.569227
33.397993,-84.569115
33.398005,-84.569047
33.398079,-84.56897499999999
33.398054,-84.56908300000001
33.767873,-84.396719
33.770418,-84.39731399999999
33.762252,-84.385769
33.768154,-84.39643
33.77515,-84.396187
33.770596,-84.397476
33.398043,-84.569236
33.397813,-84.569097
33.397998,-84.568971
33.397999,-84.56916699999999
33.397877,-84.569186
33.397726,-84.56947099999999
33.397973,-84.56914
33.398075,-84.56901499999999
33.39796,-84.56908900000001
33.398013,-84.56913299999999
33.398019,-84.56907099999999
33.398128,-84.56929
33.39785,-84.56904900000001
33.397925,-84.569097
33.397929,-84.56912699999999
33.398071,-84.56903800000001
33.39805,-84.569046
33.397949,-84.569131
33.398095,-84.568924
33.538805,-84.577609
33.769826,-84.39765199999999
33.688673,-84.408635
33.398027,-84.569104
33.398016,-84.56916099999999
33.397934,-84.56922400000001
33.397946,-84.569147
33.398007,-84.569301
33.769437,-84.39695
33.769204,-84.39789
33.769453,-84.397699
33.771551,-84.39869899999999
33.770364,-84.39736499999999
33.398046,-84.568963
33.398069,-84.56890799999999
33.398084,-84.56901499999999
33.398033,-84.569061
33.398018,-84.569074
33.398131,-84.56947599999999
33.398172,-84.568834
33.398001,-84.569107
33.398004,-84.569092
33.398033,-84.568932
33.398048,-84.568983
33.398033,-84.568991
33.397992,-84.569107
33.398033,-84.569163
33.398092,-84.568922
33.398003,-84.56909400000001
33.398072,-84.569019
33.39804,-84.56896399999999
33.398089,-84.56902100000001
33.398049,-84.56900400000001
33.398059,-84.56903200000001
33.398099,-84.568951
33.398155,-84.569029
33.398041,-84.56915600000001
33.398012,-84.569081
33.397909,-84.56908199999999
33.398007,-84.569022
33.397707,-84.569102
33.398617,-84.572444
33.39811,-84.56892000000001
33.398011,-84.56901499999999
33.398056,-84.569114
33.398011,-84.569076
33.398003,-84.56915100000001
33.398041,-84.568988
33.398021,-84.569085
33.398008,-84.569102
33.397929,-84.569247
33.398044,-84.568985
33.398029,-84.56917799999999
33.398069,-84.56897600000001
33.397999,-84.569114
33.397907,-84.569153
33.398006,-84.569041
33.398021,-84.56917799999999
33.398037,-84.569003
33.76967,-84.39739400000001
33.770084,-84.397794
33.398005,-84.56910999999999
33.406478,-84.583439
33.405504,-84.58179199999999
33.406523,-84.58351399999999
33.398042,-84.56934099999999
33.406479,-84.58344
33.397932,-84.569059
33.544792,-84.597218
33.397912,-84.569112
33.397977,-84.568971
33.397948,-84.569186
33.398031,-84.569047
33.398055,-84.568989
33.398059,-84.568969
33.398039,-84.56903
33.398061,-84.568983
33.398014,-84.569141
33.397947,-84.569084
33.397974,-84.569132
33.397983,-84.569041
33.398001,-84.56920599999999
33.398046,-84.569153
33.398011,-84.569017
33.397913,-84.569137
33.771503,-84.396873
33.398043,-84.569035
33.398012,-84.56908
33.398125,-84.568825
33.397995,-84.56909899999999
33.398042,-84.56903
33.398028,-84.569069
33.398155,-84.569033
33.39807,-84.569007
33.398058,-84.56905500000001
33.398052,-84.569029
33.398024,-84.56904400000001
33.398007,-84.569052
33.397968,-84.569103
33.397984,-84.569098
33.39794,-84.569138
33.398104,-84.569439
33.39808,-84.568978
33.398089,-84.569006
33.398057,-84.569048
33.398027,-84.569097
33.397987,-84.56913299999999
33.398018,-84.56912
33.39801,-84.56906499999999
33.397997,-84.56909400000001
33.398044,-84.56903800000001
33.398056,-84.568991
33.398046,-84.56899300000001
33.398006,-84.569039
33.398011,-84.56904900000001
33.397938,-84.569137
33.397801,-84.56894800000001
33.398109,-84.56920100000001
33.398032,-84.569204
33.398045,-84.56921
33.397999,-84.56912199999999
33.398004,-84.56909899999999
33.398005,-84.56912199999999
33.397907,-84.569024
33.398071,-84.569061
33.398061,-84.569064
33.398076,-84.569024
33.398088,-84.568997
33.398045,-84.56901000000001
33.398049,-84.56905999999999
33.398006,-84.56909
33.397918,-84.56914
33.397937,-84.569249
33.397957,-84.569124
33.398049,-84.569112
33.397969,-84.569113
33.397993,-84.569137
33.397961,-84.569198
33.397986,-84.569159
33.39795,-84.56925699999999
33.397887,-84.56893700000001
33.398055,-84.569222
33.39801,-84.56904299999999
33.398017,-84.56897600000001
33.398007,-84.56912199999999
33.398022,-84.56913299999999
33.397915,-84.56915100000001
33.398055,-84.569106
33.398072,-84.569168
33.398026,-84.56908
33.397896,-84.56912
33.398059,-84.569165
33.397919,-84.56914
33.398001,-84.569153
33.398001,-84.56910000000001
33.398003,-84.569086
33.397984,-84.569106
33.397947,-84.569136
33.398119,-84.56918
33.397966,-84.56915600000001
33.397937,-84.569143
33.398039,-84.569301
33.398029,-84.569138
33.398146,-84.56929700000001
33.398026,-84.569081
33.398044,-84.569239
33.397928,-84.56917300000001
33.397883,-84.569174
33.398097,-84.569202
33.398157,-84.569081
33.397941,-84.569143
33.398029,-84.56909
33.398118,-84.568926
33.397932,-84.569226
33.398061,-84.569126
33.398008,-84.56904
33.398184,-84.569147
33.398054,-84.56918899999999
33.398149,-84.569158
33.39803,-84.569042
33.39802,-84.56905
33.397961,-84.569123
33.398078,-84.569008
33.398024,-84.56908300000001
33.397947,-84.569147
33.398012,-84.569199
33.398047,-84.569216
33.397916,-84.56912699999999
33.398018,-84.569125
33.397943,-84.56915600000001
33.397918,-84.56916099999999
33.397966,-84.569136
33.398,-84.569165
33.398001,-84.56899199999999
33.397954,-84.569239
33.398294,-84.568974
33.398015,-84.569087
33.398083,-84.56920599999999
33.398014,-84.56922900000001
33.398051,-84.568978
33.398111,-84.56905999999999
33.398055,-84.569
33.397954,-84.569138
33.397945,-84.569152
33.398032,-84.56915600000001
33.397943,-84.569176
33.397953,-84.569135
33.397953,-84.569121
33.397981,-84.569124
33.398071,-84.569079
33.398026,-84.56922
33.398033,-84.569075
33.397963,-84.569098
33.397951,-84.56917199999999
33.398052,-84.56930699999999
33.398146,-84.56938100000001
33.398147,-84.56935199999999
33.398148,-84.569309
33.397981,-84.569221
33.397899,-84.56915600000001
33.397989,-84.56922400000001
33.398094,-84.569327
33.398042,-84.56901499999999
33.398003,-84.569154
33.397974,-84.56915100000001
33.398025,-84.56908799999999
33.398037,-84.569093
33.398045,-84.56906600000001
33.398005,-84.56904299999999
33.39801,-84.569098
33.398025,-84.569085
33.397903,-84.56907
33.397981,-84.569046
33.397907,-84.56917199999999
33.397875,-84.569215
33.397951,-84.569148
33.398018,-84.569186
33.397958,-84.56912699999999
33.397996,-84.569098
33.398012,-84.569095
33.397807,-84.569154
33.397935,-84.56917900000001
33.397867,-84.569185
33.397991,-84.569078
33.398002,-84.569109
33.398,-84.569182
33.398053,-84.56919000000001
33.397987,-84.56913900000001
33.397991,-84.569141
33.398004,-84.569068
33.398047,-84.56905399999999
33.398005,-84.569102
33.39806,-84.569063
33.398092,-84.569108
33.397965,-84.569129
33.39801,-84.569102
33.398007,-84.56906600000001
33.398035,-84.569022
33.398013,-84.569108
33.398013,-84.569051
33.398017,-84.569067
33.397968,-84.569115
33.397965,-84.569118
33.398277,-84.569407
33.397954,-84.56920599999999
33.397925,-84.56920100000001
33.397917,-84.5692
33.39802,-84.569135
33.398034,-84.56916699999999
33.398025,-84.56921199999999
33.397966,-84.56915100000001
33.397954,-84.569154
33.39799,-84.56917300000001
33.398037,-84.56917300000001
33.398094,-84.569186
33.398025,-84.56908
33.397937,-84.569118
33.397962,-84.569119
33.397916,-84.56915100000001
33.397861,-84.569138
33.397881,-84.56916
33.397994,-84.569138
33.397906,-84.569284
33.398013,-84.569046
33.398026,-84.569076
33.397986,-84.56907099999999
33.398005,-84.569081
33.398018,-84.569022
33.398035,-84.569108
33.398022,-84.569123
33.398033,-84.569147
33.397993,-84.569227
33.397956,-84.569153
33.397922,-84.569107
33.397972,-84.569131
33.397985,-84.569198
33.397847,-84.569237
33.398092,-84.569192
33.397941,-84.569095
33.397926,-84.569028
33.39803,-84.569084
33.39799,-84.569181
33.397995,-84.56913900000001
33.397939,-84.569131
33.397952,-84.56907
33.39808,-84.569084
33.398,-84.56908199999999
33.39802,-84.56903800000001
33.398108,-84.56912199999999
33.398043,-84.569063
33.397943,-84.569109
33.397942,-84.56913400000001
33.397959,-84.569141
33.397973,-84.569135
33.397994,-84.569126
33.398026,-84.569113
33.398004,-84.569101
33.397916,-84.569129
33.397904,-84.56911700000001
33.397988,-84.56910499999999
33.398017,-84.569078
33.398022,-84.569073
33.398213,-84.569193
33.398098,-84.569126
33.39803,-84.569073
33.398019,-84.569075
33.398022,-84.56907200000001
33.397988,-84.569157
33.398007,-84.56916200000001
33.397993,-84.56922299999999
33.397991,-84.56928000000001
33.398006,-84.56932
33.397929,-84.569365
33.398039,-84.569231
33.398033,-84.569261
33.398033,-84.56926300000001
33.398009,-84.56908199999999
33.397939,-84.56914999999999
33.398008,-84.569215
33.398007,-84.56914500000001
33.397985,-84.569149
33.39798,-84.569106
33.397978,-84.56916699999999
33.398003,-84.56914399999999
33.397976,-84.56911100000001
33.397996,-84.56911700000001
33.39801,-84.56912800000001
33.397986,-84.569157
33.397965,-84.569126
33.397992,-84.569109
33.398019,-84.56912800000001
33.397983,-84.569078
33.397928,-84.569115
33.398094,-84.569197
33.397997,-84.56910499999999
33.398107,-84.569236
33.398064,-84.569225
33.39796,-84.56940899999999
33.398019,-84.56915600000001
33.398024,-84.56921
33.397972,-84.569222
33.398079,-84.56900899999999
33.398002,-84.569095
33.398021,-84.569073
33.39802,-84.569074
33.397936,-84.569202
33.398057,-84.569033
33.397841,-84.569272
33.398012,-84.56913299999999
33.398026,-84.56915499999999
33.398022,-84.56913400000001
33.397963,-84.569243
33.39796,-84.569182
33.397911,-84.569152
33.397871,-84.569146
33.397954,-84.569112
33.397951,-84.569059
33.398043,-84.569154
33.397968,-84.56910000000001
33.397988,-84.569107
33.39799,-84.569106
33.398039,-84.56919600000001
33.398057,-84.56918400000001
33.398003,-84.56919600000001
33.397896,-84.569204
33.397885,-84.56925699999999
33.398007,-84.56917900000001
33.398023,-84.56917199999999
33.397926,-84.569171
33.397981,-84.569137
33.397997,-84.56909
33.397946,-84.569165
33.397966,-84.569146
33.397929,-84.569165
33.397941,-84.569121
33.397968,-84.569075
33.397993,-84.56913900000001
33.397952,-84.56916
33.398029,-84.56919499999999
33.397986,-84.569158
33.398097,-84.56912199999999
33.397925,-84.569171
33.397982,-84.56918
33.398037,-84.56922400000001
33.398168,-84.56916200000001
33.398035,-84.569165
33.398023,-84.569147
33.398002,-84.56907200000001
33.397953,-84.569098
33.397918,-84.569129
33.398024,-84.56917900000001
33.398037,-84.569163
33.39801,-84.569123
33.398016,-84.569165
33.398028,-84.56908
33.397938,-84.56914999999999
33.39791,-84.569109
33.397967,-84.569053
33.397968,-84.569159
33.398072,-84.569233
33.398071,-84.569236
33.398171,-84.569244
33.397938,-84.56915100000001
33.397974,-84.569067
33.398034,-84.569042
33.398045,-84.56902100000001
33.398051,-84.56908199999999
33.398038,-84.56902100000001
33.397945,-84.569126
33.39797,-84.569142
33.398124,-84.56918899999999
33.39807,-84.56917900000001
33.397959,-84.569135
33.398108,-84.56912
33.398034,-84.569123
33.39801,-84.56908
33.398022,-84.569061
33.398022,-84.569075
33.397984,-84.569001
33.398069,-84.569124
33.397927,-84.569129
33.398034,-84.56916
33.398034,-84.569041
33.397922,-84.56917199999999
33.397917,-84.569129
33.398018,-84.569091
33.397957,-84.56913299999999
33.398043,-84.569149
33.398022,-84.56912
33.398016,-84.569153
33.39803,-84.569123
33.398067,-84.56915499999999
33.397979,-84.569061
33.397926,-84.569102
33.397896,-84.56910999999999
33.398015,-84.569158
33.398043,-84.569096
33.398071,-84.569136
33.397977,-84.56914399999999
33.397918,-84.569107
33.397918,-84.569096
33.397958,-84.569067
33.398073,-84.569059
33.398128,-84.569225
33.398018,-84.56917900000001
33.39801,-84.569168
33.398041,-84.56915499999999
33.398016,-84.569078
33.39789,-84.56909
33.397934,-84.56925200000001
33.397964,-84.56911599999999
33.398089,-84.56903800000001
33.398021,-84.569149
33.397968,-84.569101
33.398038,-84.569018
33.397995,-84.569112
33.397972,-84.56894
33.398061,-84.569031
33.398028,-84.56905500000001
33.39807,-84.56898200000001
33.40589,-84.58245700000001
33.398023,-84.569075
33.398,-84.569101
33.39801,-84.569097
33.398066,-84.569019
33.398092,-84.56903
33.398129,-84.569148
33.39811,-84.569108
33.39809,-84.569001
33.398111,-84.568996
33.398147,-84.568983
33.398117,-84.569135
33.398092,-84.569153
33.398124,-84.569073
33.39807,-84.569031
33.398097,-84.569019
33.398096,-84.568991
33.398153,-84.568955
33.398095,-84.568974
33.398111,-84.568966
33.397994,-84.569114
33.398109,-84.569034
33.398135,-84.569001
33.398118,-84.568972
33.398122,-84.569025
33.398118,-84.568994
33.398096,-84.568995
33.398106,-84.56899900000001
33.3981,-84.569034
33.398144,-84.568995
33.398084,-84.569025
33.398072,-84.569023
33.398109,-84.569008
33.398058,-84.569058
33.398035,-84.56899799999999
33.398046,-84.569154
33.39812,-84.568945
33.398095,-84.56895400000001
33.398089,-84.568988
33.398103,-84.568949
33.398133,-84.56904
33.398142,-84.569002
33.39804,-84.56907
33.398108,-84.569085
33.398057,-84.56903800000001
33.398103,-84.568988
33.398005,-84.56909
33.39799,-84.56907200000001
33.398116,-84.569018
33.39812,-84.569006
33.398021,-84.568924
33.39808,-84.569109
33.397946,-84.569064
33.398208,-84.56908199999999
33.398121,-84.56898
33.398073,-84.56915100000001
33.39804,-84.56903800000001
33.39811,-84.569002
33.398093,-84.569073
33.398074,-84.56910499999999
33.398141,-84.56895799999999
33.397998,-84.56911599999999
33.398071,-84.568972
33.397918,-84.569124
33.398018,-84.56910999999999
33.398076,-84.568927
33.397994,-84.569079
33.398093,-84.56889099999999
33.398045,-84.569052
33.398029,-84.56912800000001
33.398032,-84.569096
33.39806,-84.569
33.398064,-84.569018
33.398042,-84.56909400000001
33.398046,-84.569007
33.398088,-84.568963
33.398086,-84.568995
33.398066,-84.569068
33.398044,-84.56910499999999
33.398106,-84.56887500000001
33.398114,-84.568855
33.39805,-84.56898
33.398037,-84.56899
33.398078,-84.568951
33.398079,-84.56904400000001
33.39807,-84.569018
33.39808,-84.56910000000001
33.398031,-84.56910499999999
33.398008,-84.569031
33.398072,-84.56897499999999
33.398119,-84.56894800000001
33.398074,-84.568928
33.398069,-84.568966
33.398074,-84.569025
33.398033,-84.568986
33.398065,-84.568984
33.398108,-84.568979
33.398065,-84.568986
33.398042,-84.568956
33.398058,-84.56898200000001
33.398078,-84.569012
33.398005,-84.569063
33.398115,-84.568979
33.398062,-84.56899900000001
33.398163,-84.56895799999999
33.39798,-84.569095
33.398011,-84.569073
33.398026,-84.569028
33.398015,-84.56915100000001
33.398024,-84.56896
33.398122,-84.568882
33.39808,-84.569006
33.397759,-84.569266
33.398126,-84.568887
33.398112,-84.568889
33.397868,-84.56925699999999
33.397815,-84.56924600000001
33.40524,-84.567162
33.525039,-84.576151
33.542761,-84.57694499999999
33.656285,-84.434816
33.758318,-84.379126
33.770152,-84.396568
33.770362,-84.397561
33.769553,-84.396821
33.769318,-84.39750100000001
33.760691,-84.38169000000001
33.742116,-84.367913
33.716549,-84.36846199999999
33.714449,-84.365542
33.747134,-84.368088
33.77255,-84.37992300000001
33.774973,-84.387255
33.776659,-84.38742000000001
33.77574,-84.387246
33.769361,-84.397474
33.770448,-84.397694
33.770818,-84.396919
33.770815,-84.396905
33.770842,-84.396885
33.77078,-84.39759100000001
33.770535,-84.39748299999999
33.770448,-84.397363
33.761569,-84.380678
33.742376,-84.39131500000001
33.66107,-84.428106
33.556004,-84.554205
33.455939,-84.588666
33.398011,-84.569023
33.397961,-84.569036
33.398048,-84.56899900000001
33.397742,-84.56937000000001
33.398027,-84.569028
33.402309,-84.576412
33.398062,-84.569255
33.397984,-84.569124
33.398027,-84.56905500000001
33.403433,-84.57840299999999
33.397976,-84.569098
33.397867,-84.569215
33.397823,-84.56925
33.406623,-84.583682
33.406485,-84.58345
33.403126,-84.57782400000001
33.397948,-84.56914999999999
33.402442,-84.57654700000001
33.405502,-84.58179699999999
33.398037,-84.56925
33.398071,-84.569215
33.402461,-84.57678799999999
33.398054,-84.569491
33.405534,-84.58183200000001
33.398137,-84.569244
33.398085,-84.569182
33.398094,-84.569019
33.39803,-84.569137
33.398051,-84.569148
33.398041,-84.56911100000001
33.398078,-84.56902100000001
33.398051,-84.56903800000001
33.39801,-84.569159
33.398076,-84.569075
33.398,-84.56906499999999
33.39788,-84.569136
33.398005,-84.569087
33.397994,-84.569113
33.398001,-84.56912699999999
33.397994,-84.56926
33.397978,-84.569287
33.398017,-84.569061
33.398005,-84.56907099999999
33.398004,-84.569081
33.398002,-84.569104
33.397971,-84.569069
33.398013,-84.56912800000001
33.398014,-84.569068
33.397996,-84.569091
33.398028,-84.569097
33.39798,-84.569148
33.397989,-84.569073
33.408213,-84.56854800000001
33.397994,-84.569045
33.39798,-84.569076
33.397976,-84.569194
33.398,-84.569202
33.397932,-84.56924100000001
33.398019,-84.569192
33.405123,-84.567258
33.543215,-84.576958
33.563787,-84.53747199999999
33.644027,-84.451031
33.734096,-84.39183300000001
33.764582,-84.39521999999999
33.769524,-84.396709
33.76901,-84.39754499999999
33.769212,-84.398331
33.776746,-84.391389
33.776876,-84.38741
33.770908,-84.38748200000001
33.769104,-84.397526
33.769363,-84.397336
33.769665,-84.39788900000001
33.736958,-84.40827
33.681262,-84.408
33.582428,-84.516143
33.504417,-84.57651199999999
33.477721,-84.58516400000001
33.408098,-84.568445
33.398038,-84.56895
33.398083,-84.569039
33.397944,-84.569086
33.398045,-84.568988
33.39804,-84.568995
33.398016,-84.56904900000001
33.39806,-84.56892999999999
33.398022,-84.569031
33.398044,-84.568983
33.398044,-84.568996
33.398025,-84.569166
33.398033,-84.568994
33.397969,-84.56909400000001
33.398012,-84.56906499999999
33.397995,-84.569237
33.398054,-84.56896399999999
33.397998,-84.569046
33.398086,-84.56891899999999
33.397956,-84.569264
33.397947,-84.569317
33.398116,-84.568856
33.398098,-84.568861
33.398092,-84.568895
33.398014,-84.56909400000001
33.398101,-84.568888
33.398111,-84.568865
33.39805,-84.56895799999999
33.397989,-84.569125
33.397988,-84.56917900000001
33.398042,-84.569039
33.398029,-84.56902599999999
33.397997,-84.569074
33.397951,-84.569086
33.397918,-84.569035
33.398101,-84.569013
33.398001,-84.569033
33.397996,-84.56904299999999
33.397976,-84.56908799999999
33.397973,-84.56907699999999
33.397949,-84.56916099999999
33.398002,-84.569136
33.398033,-84.56905999999999
33.398008,-84.569079
33.398014,-84.56899900000001
33.397978,-84.56907
33.398039,-84.569034
33.398033,-84.56906499999999
33.398028,-84.569002
33.398042,-84.568984
33.398038,-84.569023
33.397982,-84.56910499999999
33.397993,-84.569101
33.398016,-84.569042
33.398041,-84.568989
33.398027,-84.568984
33.398039,-84.56903800000001
33.39799,-84.569109
33.398027,-84.569098
33.398126,-84.56892999999999
33.398087,-84.568986
33.398042,-84.569108
33.398085,-84.56896399999999
33.398077,-84.569025
33.398048,-84.569141
33.398074,-84.569022
33.398081,-84.569287
33.398063,-84.56901499999999
33.398063,-84.56905
33.398069,-84.56910499999999
33.398036,-84.569101
33.398016,-84.569091
33.407937,-84.581529
33.430994,-84.586297
33.540812,-84.576685
33.595082,-84.49719399999999
33.711171,-84.408053
33.770621,-84.3991
33.765981,-84.393075
33.767938,-84.39561999999999
33.768962,-84.39752300000001
33.760768,-84.402682
33.738036,-84.408118
33.700921,-84.408501
33.681284,-84.40802600000001
33.675787,-84.412781
33.573065,-84.52762199999999
33.540559,-84.576984
33.495769,-84.578813
33.4855,-84.58373899999999
33.438677,-84.58242
33.407966,-84.56844700000001
33.398092,-84.56894800000001
33.398116,-84.568924
33.39802,-84.56902700000001
33.397926,-84.569068
33.397894,-84.569057
33.397959,-84.56912199999999
33.397957,-84.569121
33.398011,-84.569091
33.397994,-84.569097
33.397998,-84.569098
33.398112,-84.569056
33.397982,-84.569098
33.398065,-84.569064
33.397921,-84.569166
33.397925,-84.56917300000001
33.397966,-84.569109
33.397971,-84.569096
33.398088,-84.568943
33.398022,-84.56903699999999
33.398056,-84.56899799999999
33.39802,-84.56913900000001
33.398027,-84.569011
33.398076,-84.56897499999999
33.39806,-84.569008
33.39806,-84.569029
33.398013,-84.56913400000001
33.398043,-84.569174
33.398029,-84.569051
33.398021,-84.569058
33.398054,-84.569052
33.398021,-84.56904299999999
33.398046,-84.56904400000001
33.398045,-84.569074
33.39808,-84.569093
33.398009,-84.569109
33.398,-84.56908900000001
33.398008,-84.56911100000001
33.397912,-84.56914
33.397829,-84.569164
33.397823,-84.569166
33.397999,-84.56909
33.398038,-84.56904299999999
33.398026,-84.569061
33.398031,-84.56905
33.398041,-84.569052
33.397995,-84.569131
33.398021,-84.569124
33.398003,-84.569176
33.397979,-84.569113
33.398003,-84.569068
33.398036,-84.56905999999999
33.39803,-84.569045
33.398074,-84.569091
33.398036,-84.569085
33.397991,-84.569098
33.397952,-84.56914399999999
33.408528,-84.569406
33.490098,-84.58369500000001
33.769394,-84.397919
33.39801,-84.568944
33.398063,-84.569016
33.398041,-84.569028
33.39806,-84.568994
33.397942,-84.569168
33.397915,-84.56912199999999
33.397938,-84.569174
33.397971,-84.569029
28.410399,-81.46050700000001
28.410405,-81.460511
28.410399,-81.460549
28.409749,-81.460741
28.409743,-81.460016
28.409993,-81.460759
28.411197,-81.460511
28.410748,-81.46149800000001
28.410823,-81.46163799999999
28.410525,-81.46142
28.410377,-81.461265
28.408942,-81.461652
28.407865,-81.462785
28.408187,-81.463054
28.407559,-81.46293799999999
28.407415,-81.46256099999999
28.40791,-81.461179
28.409081,-81.46010099999999
28.409446,-81.460933
28.410339,-81.46053499999999
28.411186,-81.46052
28.412436,-81.45989899999999
28.412435,-81.45988199999999
28.412435,-81.459885
28.41244,-81.45988
28.413788,-81.460241
28.413823,-81.46022000000001
28.413691,-81.461258
28.412773,-81.461573
28.413608,-81.461229
28.412486,-81.461696
28.412522,-81.461646
28.412529,-81.461645
28.417774,-81.46431200000001
28.417813,-81.46431699999999
28.417738,-81.464293
28.41772,-81.464172
28.417797,-81.464339
28.41777,-81.464398
28.417658,-81.46420500000001
28.417917,-81.464223
28.417789,-81.46349600000001
28.417533,-81.463004
28.417621,-81.463022
28.4179,-81.46313000000001
28.435569,-81.47206
28.414657,-81.463149
28.414698,-81.46319699999999
28.415031,-81.462862
28.41471,-81.463042
28.414131,-81.462681
28.41276,-81.461688
28.412495,-81.461668
28.412523,-81.459829
28.412416,-81.45986600000001
28.412438,-81.45987599999999
28.412453,-81.45985899999999
28.412444,-81.45987
28.412452,-81.459827
28.412436,-81.45988699999999
28.412397,-81.45987700000001
28.412447,-81.460449
28.412432,-81.459812
28.412189,-81.459965
28.41064,-81.46054100000001
28.410225,-81.460554
28.409465,-81.460928
28.408159,-81.460403
28.408252,-81.462113
28.40838,-81.462293
28.408367,-81.462084
28.408363,-81.46209399999999
28.408185,-81.462073
28.407952,-81.46216800000001
28.408183,-81.45963999999999
28.408079,-81.462093
28.407816,-81.462271
28.40835,-81.46207099999999
28.40842,-81.46205999999999
28.409635,-81.462447
28.411871,-81.462653
28.412521,-81.46169399999999
28.414109,-81.462665
28.414844,-81.463093
28.415388,-81.46258400000001
28.415556,-81.46254399999999
28.41573,-81.46216699999999
28.415173,-81.462823
28.414061,-81.46274099999999
28.414785,-81.4631
28.412506,-81.46168900000001
28.412458,-81.460466
28.41255,-81.460207
28.412064,-81.460145
28.412426,-81.459962
28.412433,-81.460187
28.412412,-81.459898
28.412409,-81.459872
28.412416,-81.460058
28.412408,-81.459889
28.412405,-81.459872
28.412306,-81.459896
28.41294,-81.459526
28.412417,-81.45991600000001
28.41785,-81.464316
28.41761,-81.464274
28.417795,-81.46431699999999
28.417825,-81.46433
28.418024,-81.464657
28.417766,-81.464282
28.417652,-81.464311
28.417732,-81.46432900000001
28.417725,-81.46430700000001
28.417721,-81.464298
28.417751,-81.464311
28.417807,-81.464331
28.417771,-81.46431699999999
28.417846,-81.464235
28.417936,-81.46430100000001
28.417736,-81.464007
28.417778,-81.46433
28.417771,-81.464325
28.417798,-81.464353
28.417739,-81.464321
28.417693,-81.46432299999999
28.417731,-81.464347
28.41737,-81.464186
28.417748,-81.464299
28.417735,-81.464299
28.417785,-81.464293
28.417687,-81.46404099999999
28.418316,-81.4633
28.414602,-81.465889
28.414607,-81.46585399999999
28.414572,-81.46596700000001
28.416755,-81.470482
28.415308,-81.466469
28.414608,-81.465869
28.415313,-81.466472
28.414606,-81.465881
28.415918,-81.468839
28.414625,-81.465934
28.414604,-81.465881
28.414606,-81.465895
28.415308,-81.46646699999999
28.414598,-81.465907
28.414613,-81.46590999999999
28.416631,-81.459631
28.431927,-81.47119499999999
28.432505,-81.471211
28.432522,-81.471205
28.432487,-81.471277
28.432478,-81.471102
28.432246,-81.470986
28.432415,-81.471012
28.415495,-81.46169399999999
28.414277,-81.46257300000001
28.412524,-81.462383
28.410775,-81.461585
28.410625,-81.461428
28.410639,-81.46081700000001
28.409808,-81.459988
28.399565,-81.45111199999999
28.409806,-81.459987
28.399567,-81.45111300000001
28.409807,-81.459988
28.400195,-81.451888
28.402087,-81.454221
28.4101,-81.46409800000001
28.410761,-81.464912
28.409598,-81.460671
28.41067,-81.4648
28.41042,-81.460612
28.410712,-81.46131800000001
28.399896,-81.45152
28.410929,-81.461445
28.41161,-81.462386
28.411804,-81.462603
28.411768,-81.462582
28.411856,-81.462926
28.411517,-81.463302
28.411791,-81.46263399999999
28.412494,-81.461692
28.407029,-81.459389
28.41076,-81.464911
28.407979,-81.461123
28.407358,-81.462575
28.399564,-81.45111
28.408702,-81.462676
28.406913,-81.45970699999999
28.399564,-81.451111
28.408117,-81.460137
28.399574,-81.451122
28.40822,-81.46023099999999
28.399717,-81.45129900000001
28.409267,-81.459666
28.399871,-81.451489
28.409154,-81.45984300000001
28.409146,-81.459846
28.409402,-81.460294
28.400192,-81.45188400000001
28.409492,-81.46077099999999
28.410439,-81.460657
28.4104,-81.460544
28.410843,-81.461693
28.410847,-81.461688
28.410727,-81.46149
28.402195,-81.454354
28.411326,-81.462194
28.412503,-81.461693
28.412495,-81.461682
28.41047,-81.464553
28.410724,-81.464867
28.412503,-81.46168
28.411607,-81.461201
28.411409,-81.461173
28.410681,-81.464814
28.400934,-81.452799
28.402312,-81.454498
28.410647,-81.46135099999999
28.410752,-81.461501
28.410665,-81.464794
28.410655,-81.461371
28.410326,-81.46053999999999
28.410739,-81.464868
28.409528,-81.459103
28.409553,-81.459135
28.410002,-81.45592499999999
28.412439,-81.45987
28.410692,-81.46477
28.412456,-81.45987700000001
28.404891,-81.44386799999999
28.41245,-81.459879
28.412461,-81.45986499999999
28.41245,-81.459874
28.410102,-81.43678300000001
28.412462,-81.459858
28.412423,-81.459861
28.412456,-81.459861
28.410252,-81.437258
28.412429,-81.459874
28.413158,-81.45936399999999
28.413156,-81.45936500000001
28.412457,-81.459874
28.41493,-81.452102
28.421516,-81.472998
28.412254,-81.459969
28.412463,-81.459844
28.412102,-81.459202
28.421505,-81.47299
28.412458,-81.459857
28.412459,-81.45985400000001
28.420185,-81.471992
28.415021,-81.461641
28.413768,-81.460301
28.416186,-81.468968
28.413762,-81.46033300000001
28.413538,-81.460767
28.413723,-81.461129
28.410748,-81.46485699999999
28.412494,-81.461395
28.412497,-81.461738
28.412515,-81.461693
28.410666,-81.46479600000001
28.412509,-81.461698
28.41286,-81.461552
28.413049,-81.461468
28.410812,-81.464951
28.412693,-81.461631
28.415628,-81.461752
28.410757,-81.46490300000001
28.41149,-81.46358499999999
28.408846,-81.460365
28.417881,-81.46437
